{
  "temporal": 0.6203490408471013,
  "other": 0.1111155969131803,
  "volatility": 0.1410656317238445,
  "signal_based": 0.11658650956703112,
  "momentum": 0.010883220948842707,
  "market_regime": 0.0
}