{
  "technical_analysis": 0.16203490408471016,
  "momentum": 0.16203490408471016,
  "news_sentiment": 0.16203490408471016,
  "volatility_analysis": 0.16203490408471016,
  "options_flow": 0.16203490408471016,
  "sector_correlation": 0.16203490408471016,
  "mean_reversion": 0.16203490408471016,
  "market_regime": 0.16203490408471016
}